round,eval_loss
1,1.0968689918518066
2,0.6729826927185059
3,0.7183980345726013
