round,eval_loss
1,1.1045427322387695
2,0.6979308128356934
3,0.7025680541992188
