round,eval_loss
1,1.1045427322387695
2,0.6699822545051575
3,0.7196875214576721
