round,eval_loss
1,1.103010892868042
2,0.692456066608429
3,0.7038201689720154
