round,eval_loss
1,1.1213997602462769
2,0.6754341721534729
3,0.7306210994720459
