round,eval_loss
1,1.103010892868042
2,0.67721027135849
3,0.7299210429191589
