round,eval_loss
1,1.1045427322387695
2,0.6633939743041992
3,0.7088589072227478
