Epoch,Training Loss,Validation Loss,Accuracy,F1
1,0.708300,0.662127,0.713000,0.697996
2,0.555800,0.666073,0.725000,0.712567
3,0.423600,0.749818,0.714667,0.709341