round,eval_loss
1,1.103010892868042
2,0.6762951016426086
3,0.738397479057312
