round,eval_loss
1,1.1045427322387695
2,0.6746411323547363
3,0.7187034487724304
