round,eval_loss
1,1.0968689918518066
2,0.6694384217262268
3,0.7262989282608032
