round,eval_loss
1,1.1045427322387695
2,0.6682295203208923
3,0.713417649269104
