round,eval_loss
1,1.1045427322387695
2,0.6765574812889099
3,0.7127691507339478
